baseline_income,net_impact,decile
35805.17,85.6875,2
29820.436,74.25781,7
102840.32,227.84375,7
69916.83,169.09375,6
15916.681,29.92871,1
42595.555,100.58594,8
65239.54,161.07812,8
104945.01,233.70312,2
51208.535,114.91016,10
55919.9,119.46094,7
30429.137,75.625,5
135596.16,304.28125,7
20806.479,44.89258,7
13078.849,29.348633,1
116075.5,260.47656,10
18695.453,51.132812,1
30978.37,84.19922,3
42565.406,83.98828,5
23564.305,52.878906,4
42916.14,108.953125,1
22150.89,52.29492,1
40623.48,91.16016,2
84449.85,189.50781,9
2352.5312,5.2790527,-1
37328.547,83.765625,7
33948.074,74.59766,1
57971.812,129.40625,7
46734.543,103.03125,8
41799.32,92.66797,2
92012.12,200.67969,2
19430.791,52.78125,2
30755.68,69.015625,6
84916.31,211.84375,8
72437.234,153.24219,4
55010.758,595.8047,10
64008.523,143.63672,9
30798.252,76.40039,3
53932.46,133.5,2
-6965.043,-15.629395,1
78043.03,175.125,10
56464.867,131.42969,10
30208.219,67.78711,3
12691.761,22.692383,1
35466.266,86.92969,6
64574.727,127.83984,5
68294.32,158.45312,7
8195.668,12.6015625,1
38713.9,85.078125,4
80498.99,191.98438,8
36245.25,88.67969,6
95346.43,207.66406,9
47560.156,93.296875,3
38558.59,82.35547,3
92642.74,220.74219,10
50239.51,103.90234,1
42924.95,96.32422,4
36996.18,90.359375,2
30563.295,63.69336,6
22755.164,51.0625,1
5814.381,12.366211,1
25125.291,56.38086,5
25518.549,57.26367,3
40304.984,97.78906,8
47981.92,104.74219,1
54200.594,134.48828,6
66329.62,142.21094,9
-4247.4595,-9.53125,2
119655.92,283.20312,9
46971.25,105.40234,1
58625.836,131.55469,7
44615.273,116.63281,3
33752.035,75.73828,2
22048.775,56.820312,2
62745.926,152.60547,8
61778.06,153.32031,8
8726.207,19.582031,-1
83474.5,185.52344,9
34213.793,71.88672,3
15598.193,42.345703,2
29452.83,66.0918,1
85483.375,175.0625,8
97489.39,218.44531,8
36651.855,72.84766,3
39124.65,76.49219,1
54945.848,137.98828,8
69225.65,163.11719,8
87353.55,208.34375,5
4966.991,11.145996,-1
32394.809,70.9668,1
62142.438,139.00781,8
101989.83,228.86719,10
36789.816,82.55469,3
50087.535,110.22266,5
98241.37,220.28906,9
81688.43,190.65625,9
31925.75,60.80078,6
56357.44,133.25781,5
12863.34,36.208008,2
13104.576,29.40625,1
139773.44,302.78125,9
18415.143,41.32422,2
72442.81,162.5625,9
45044.25,101.078125,7
62486.285,154.91016,7
32306.904,87.18359,3
14766.442,33.135742,1
61379.348,137.73438,6
58029.93,135.35156,5
16484.469,44.333984,3
40868.836,98.5,2
78194.83,169.21875,7
37519.566,82.61328,1
36361.15,81.59375,2
39360.895,86.74609,1
66529.78,156.07812,6
27467.93,61.63867,5
22444.033,57.70703,2
57620.24,136.64062,7
45355.44,98.64844,4
68967.85,154.08594,8
11243.549,32.57129,3
26046.973,65.791016,3
88030.73,196.41406,4
61846.734,153.46484,7
46785.89,104.98828,7
34275.96,81.375,7
56652.883,114.04297,3
22748.152,51.046875,3
55679.055,114.26172,7
120087.18,265.89062,10
51699.53,116.01172,5
58435.56,117.734375,5
-1450.3018,-3.2545166,2
148402.19,333.01562,10
-6801.039,-15.261719,-1
52887.73,115.03906,9
20815.72,55.88672,2
130246.11,291.78125,6
27633.836,61.689453,3
23281.887,59.585938,5
21242.904,46.53711,1
53227.477,116.97266,5
60056.027,134.09375,6
79690.05,183.86719,10
59420.492,133.33984,8
24151.104,61.48633,3
82186.805,184.42969,6
11642.432,26.125977,1
31594.232,69.30859,1
24026.287,53.914062,5
48619.25,121.328125,4
14055.117,28.93457,2
110791.16,244.95312,8
71563.99,156.49219,6
59349.676,140.52734,6
30433.805,75.634766,2
98887.19,233.82812,10
25056.246,61.63867,3
73628.08,165.21875,9
112332.84,262.65625,5
25019.445,55.46289,2
47152.477,115.43359,5
58492.703,129.67578,1
59184.1,132.8086,7
55527.61,123.921875,5
103841.8,231.4375,8
61292.105,152.22656,8
42492.516,97.71094,9
47734.14,106.43359,5
86288.26,194.19531,7
39223.7,102.75781,2
85168.34,205.01562,9
94596.85,225.125,10
84368.38,203.46094,4
117795.266,262.53125,9
41364.973,85.62891,2
74789.6,166.03125,6
24770.535,49.79492,3
39991.117,89.73828,2
14769.837,44.896484,3
52740.4,118.34766,6
1039.616,2.3328857,2
18479.625,48.78125,1
34860.477,78.22656,3
-1309.9839,-2.9395752,-1
106509.36,239.00781,5
71791.97,173.94531,9
30926.492,69.39844,7
61330.414,151.76562,3
27218.617,61.078125,5
24782.617,62.958984,3
21187.965,54.88672,1
12804.852,27.60254,1
49073.047,110.12109,7
13980.875,31.373047,1
67279.2,150.97656,7
79397.53,178.16406,10
47252.55,107.62109,2
58860.26,137.58984,8
47372.207,105.62109,1
30128.332,65.81055,6
70196.984,153.73438,7
23702.477,60.478516,3
35773.836,93.80469,2
57795.98,136.48828,7
56060.645,124.66406,4
24549.0,55.08789,5
94975.49,213.125,1
16164.558,43.617188,1
43695.92,96.921875,2
16936.207,45.345703,1
32424.012,72.759766,2
11563.234,25.948242,1
49074.008,110.12109,6
45026.34,101.03906,9
95892.51,214.98438,9
19970.688,43.6875,1
80935.79,180.9375,9
85331.08,189.89844,6
45461.234,108.80469,6
103271.16,230.69531,9
105182.75,236.03125,9
80858.69,176.5625,10
23015.027,58.98828,2
42234.227,92.97656,5
68421.56,169.5,4
24415.172,54.78711,1
36467.508,81.83203,8
82061.93,192.51562,1
27104.326,75.509766,6
48148.387,117.85156,5
16612.895,31.488281,1
21855.24,49.04297,2
59824.582,141.58984,9
19343.082,52.58203,1
67191.43,158.125,7
28296.904,70.83984,5
47967.555,113.0625,3
24152.479,67.40625,2
47366.11,92.85156,2
40879.133,80.08203,4
92886.72,204.80469,1
40532.082,88.07422,4
51287.043,115.08984,10
31177.727,77.302734,6
31779.482,71.3125,3
46525.535,111.74609,6
61518.215,144.84375,2
68572.86,150.14844,5
78569.17,176.3125,8
39308.445,88.20703,4
86658.08,194.46094,8
51134.156,114.07031,4
43044.215,97.80078,4
35798.703,81.453125,3
56509.598,140.64844,7
90470.68,203.01562,2
32082.215,84.86133,1
54588.91,128.14062,7
30768.047,68.72266,2
62119.04,137.59375,8
111824.48,249.35156,6
-10317.69,-23.15332,1
97871.305,233.69531,6
34316.098,84.35156,6
27561.441,69.2832,1
34791.984,78.07422,10
38707.184,86.859375,1
27934.902,62.367188,3
62926.945,159.00781,2
38462.887,79.90234,4
89169.836,200.09375,9
14593.83,32.748047,1
17565.0,46.759766,1
53904.46,120.96094,10
23195.873,59.34375,2
53511.38,120.078125,8
101042.39,226.74219,7
36246.008,81.33594,4
50103.45,114.07422,5
107476.29,255.86719,8
61016.383,145.08203,7
26922.035,59.654297,2
60902.047,151.34766,8
19559.371,43.890625,1
22467.434,57.757812,2
30442.273,61.570312,2
62814.547,153.8125,9
137070.1,301.25,1
65663.2,154.28906,7
40035.902,89.83984,5
46375.367,104.06641,6
24961.586,63.35742,6
144732.25,316.70312,9
62670.574,139.72656,2
29452.291,67.72656,1
46595.613,111.90234,9
94939.836,202.47656,6
20692.688,46.433594,3
49244.492,110.50391,9
110713.87,262.57812,5
73428.195,164.77344,9
34572.31,76.89844,2
36219.14,92.14844,4
19219.348,36.203125,1
36056.633,95.43359,5
26068.729,64.79492,3
3616.4683,5.51001,1
33390.316,74.60547,3
24220.22,61.69336,1
84363.69,187.625,4
12062.988,27.069336,1
120769.28,275.8672,2
30286.44,75.30859,5
51330.28,115.18359,9
22175.742,57.10547,2
8342.004,33.40039,2
119620.72,272.40625,10
53409.617,118.796875,5
76701.36,172.11719,7
17128.238,47.228516,2
17472.018,35.79492,6
1030.8619,2.3132324,-1
62607.3,140.07031,9
36711.617,97.0625,2
131380.89,296.5,10
57901.07,144.0625,6
-1293.8999,-2.9035645,-1
38517.3,82.18359,4
106905.55,239.89844,7
91667.875,205.70312,7
46322.832,103.21484,2
53403.188,119.15625,9
46878.492,100.30078,9
26791.326,54.33008,1
24214.348,53.65625,3
57401.14,136.15234,7
46434.297,103.46875,3
15621.1875,42.34668,2
14821.615,33.259766,3
56753.5,126.21875,2
65498.547,146.29688,6
21297.656,63.46289,1
25828.492,65.29883,3
21722.639,47.61328,1
73777.63,165.55469,1
67960.06,150.71094,5
16144.406,30.4375,1
31078.848,70.42969,1
68406.6,152.82031,8
137894.03,308.79688,10
13981.772,31.375,1
40278.51,106.90625,3
94139.914,211.25,8
24930.004,52.814453,1
112123.7,251.58594,9
62686.473,137.73438,1
28606.566,64.19336,5
35274.26,78.83594,7
96946.25,217.54688,7
53314.61,114.61719,5
30518.17,68.48242,3
35983.406,80.74609,7
37811.906,84.85156,3
12736.699,28.581055,3
44070.113,92.29297,7
57930.133,130.04688,8
62125.98,137.00781,3
38950.08,87.40234,5
19025.242,50.033203,1
143819.28,322.73438,2
27845.418,62.484375,6
102652.695,227.95312,9
94696.31,208.19531,4
26231.963,46.964844,4
15866.335,35.603516,2
77716.76,174.39844,10
38364.617,78.88672,2
104946.87,235.10156,9
57388.21,140.25781,7
78807.734,184.17969,8
25854.928,58.01758,4
45232.562,113.91406,7
57491.71,121.27734,3
49158.926,103.20703,3
2765.423,6.2055664,-1
60831.42,136.5039,10
48730.062,109.35156,6
70899.41,173.78906,8
86191.22,193.39844,8
57714.04,144.1914,7
66242.98,155.98438,10
65682.836,146.71094,1
34601.08,83.94141,3
70636.39,146.89062,7
40695.043,91.0,8
72232.68,160.29688,4
31233.158,70.08789,6
73891.94,165.8125,4
32101.945,79.32617,2
87798.23,203.80469,2
43815.27,98.34375,2
63203.656,156.51953,8
21023.783,47.177734,3
33759.22,89.80859,2
38193.363,85.70703,1
56735.07,115.22266,1
50824.258,123.22656,6
4829.6133,5.0473633,2
61801.812,152.97266,7
115413.66,255.35156,10
58656.027,119.68359,5
2231.538,5.0075684,1
60016.95,134.67969,7
123844.63,277.90625,8
40261.6,87.91797,1
20337.21,45.63672,2
76267.6,171.14062,10
38577.824,103.08984,2
71135.32,155.53906,6
14160.376,31.77539,1
59164.504,134.88281,9
72642.46,163.00781,9
75159.11,168.54688,9
2554.1216,5.7314453,1
99344.33,233.67969,5
64699.7,145.1875,4
28871.186,64.109375,1
70724.04,158.70312,6
62876.03,139.11328,6
86899.96,194.67969,9
47492.598,121.25781,5
56919.71,127.72656,7
48322.832,106.640625,6
43012.426,95.390625,5
28702.393,58.617188,1
31946.695,69.89258,1
32080.344,59.134766,5
21792.021,48.90039,1
30793.824,69.10156,4
43632.297,97.91016,9
32521.55,72.978516,4
41610.17,88.30469,3
107129.3,234.32031,1
112612.86,252.70312,10
32826.76,73.66406,3
28229.418,55.904297,7
15878.286,33.83496,2
27148.52,60.921875,5
14387.393,32.285156,1
56874.727,126.94531,5
149296.67,335.01562,9
57502.445,126.10547,6
75642.914,183.71094,6
111974.07,251.26562,5
560.59906,0.57873535,2
18963.473,40.00586,2
10503.527,30.911133,1
93305.664,209.375,10
62011.63,138.41016,6
32004.045,66.75781,1
31281.072,67.58789,1
82543.52,184.58594,10
41455.758,83.609375,1
68882.83,158.27344,7
51432.17,102.47656,6
56777.72,109.91406,7
55673.18,124.25,5
30010.111,63.01172,1
62465.96,138.375,8
68704.08,159.6875,10
49786.16,111.71875,7
45465.14,108.82031,3
19812.154,51.80078,1
41136.703,92.3125,6
-5412.67,-2.9682617,1
96652.21,216.89062,10
22790.797,51.14258,10
36331.406,80.84766,6
38482.46,86.35547,8
100987.64,232.13281,10
65928.33,162.625,8
42858.664,94.59375,3
43997.79,97.60156,4
72491.27,145.66406,6
32703.104,68.76758,2
76003.49,184.22656,6
48777.01,116.24219,2
118993.92,267.02344,10
41732.69,93.64844,5
32203.828,74.71289,5
17907.66,40.185547,1
50170.04,125.12109,7
8890.93,19.951172,1
53439.906,133.1914,6
57389.348,112.91406,5
142026.06,318.70312,10
42625.484,95.65234,7
-7520.543,-16.875977,-1
3992.5796,8.9592285,3
93507.66,209.82812,10
36854.645,82.703125,8
31537.594,62.79883,3
42424.664,95.19922,2
68851.95,155.59375,1
21300.656,55.13867,2
13928.998,27.611328,1
32759.475,73.51367,1
-15382.1045,-40.307617,1
33614.117,73.63672,2
33505.844,75.1875,7
28192.488,54.42383,-1
25295.86,55.634766,1
10728.856,21.597656,1
24007.172,61.214844,3
45244.332,101.52734,6
110623.03,244.64062,10
58166.953,125.39844,7
32264.5,72.40234,3
44240.805,97.484375,8
31007.043,69.58008,4
15994.901,45.07129,1
40727.387,91.390625,8
37487.05,79.640625,2
131029.336,294.02344,10
73256.195,162.61719,7
25213.842,56.58008,1
57784.414,145.59375,3
76519.52,171.71094,7
41811.168,108.50781,4
100662.94,225.19531,5
25000.492,56.101562,4
83498.695,179.92969,7
73716.51,159.88281,7
81500.71,182.88281,7
58360.61,121.78516,6
44701.895,90.25391,7
91924.3,219.11719,10
9338.734,15.167969,1
62563.605,139.71094,7
87805.516,202.07812,10
73831.16,180.36719,9
42412.13,101.96094,7
-153143.38,-329.46875,9
123125.1,276.28906,5
46578.582,101.21875,2
70426.11,142.01562,8
16930.986,47.171875,1
33101.31,74.27734,1
49488.977,109.56641,3
20651.73,53.63672,4
72676.61,164.76562,6
56008.805,122.37891,4
71247.414,139.08594,6
72567.44,175.69531,9
43365.51,96.18359,1
34671.965,85.14453,1
95461.67,210.61719,10
61044.305,135.40234,1
58076.504,124.21094,2
120042.0,276.1172,2
32021.293,67.51758,5
116766.58,257.0,6
62584.273,153.09375,7
104522.51,234.54688,9
146340.61,327.26562,3
125576.766,282.2422,10
66573.59,146.94531,1
103245.164,231.67969,8
65307.434,146.55078,9
37487.785,85.78516,2
47759.16,113.96484,3
14801.621,35.753906,1
40093.21,88.17578,5
37547.906,81.42969,3
37920.207,92.43359,5
39425.54,75.61719,5
43559.617,111.58984,3
16259.975,24.5,1
48403.65,107.44141,8
74324.914,180.80469,8
64712.56,145.16016,4
56133.363,108.99609,7
64114.492,141.00781,7
28000.033,70.17383,2
9043.485,18.364258,1
108417.914,243.28906,9
16597.709,37.246094,1
66324.86,163.52344,8
44346.363,94.62109,6
14875.975,42.560547,1
53284.67,119.57031,10
45075.45,106.65625,9
83796.34,184.80469,8
67547.95,158.48438,8
77214.625,168.50781,8
45551.816,116.80859,4
73189.51,163.10938,6
76525.74,171.03906,8
56741.71,127.328125,10
108601.98,238.32812,8
80407.125,195.125,2
34720.8,66.01172,6
87493.47,195.89844,9
54309.293,135.9375,6
21696.111,41.84961,1
24571.156,54.460938,2
30921.682,74.03516,1
13552.955,38.606445,1
47729.78,97.69531,3
65294.523,157.27734,5
114189.63,255.57031,7
83100.77,198.78125,9
22258.502,58.140625,1
11694.892,33.583984,3
47314.14,106.171875,4
83557.97,186.91406,6
41942.727,101.46484,8
92674.58,207.94531,9
92723.07,206.49219,6
101453.64,240.50781,9
40150.133,96.89453,2
35680.992,77.60547,5
51689.684,108.546875,8
47020.914,105.515625,8
96634.65,216.16406,8
26496.016,66.796875,4
131063.83,294.67188,9
73400.05,566.2344,7
15370.76,43.668945,1
40792.82,97.73828,9
79301.56,179.91406,9
52761.32,134.51172,6
23008.123,58.972656,3
48415.664,115.48047,6
124160.734,281.8125,9
23428.674,52.57422,6
44577.59,100.03125,1
25389.488,64.31445,5
55749.84,132.4414,8
27432.475,61.558594,5
30683.47,67.49414,1
32818.87,79.67578,1
34925.6,70.92578,3
34814.066,67.47266,6
98597.22,221.25,10
37385.12,90.08594,2
105596.34,251.64844,10
70300.71,157.75781,5
69453.016,153.57031,9
71824.81,175.85938,9
61053.508,135.42969,4
29670.742,73.92578,5
30373.994,74.94922,5
71743.445,160.99219,8
62446.934,140.1289,10
51262.953,121.82422,4
64580.7,142.96875,4
33802.56,79.55859,2
80776.75,180.35156,10
111388.33,243.75,4
48068.293,107.86328,9
39895.223,106.04297,2
34232.41,84.15625,6
44640.684,105.21875,9
49692.867,116.515625,8
26103.137,58.57617,1
-2972.059,-6.6691895,-1
36580.363,98.609375,2
33254.477,81.96094,7
44415.535,96.28906,2
19332.21,43.38086,2
54016.83,127.24219,3
75457.71,174.82812,10
34560.84,77.55469,7
66348.49,145.92188,6
55985.707,123.453125,8
30666.268,68.49414,6
107688.67,246.86719,10
71530.27,173.07812,2
22634.18,50.791016,4
32691.996,67.72656,6
21855.027,43.253906,2
33420.62,63.414062,2
142174.19,309.64062,1
54251.027,127.24219,10
36339.367,71.65625,6
68513.17,153.42188,9
20562.904,44.347656,3
63781.285,147.67578,2
98902.82,205.33594,8
24357.21,54.658203,3
53129.57,119.22266,7
44363.047,114.23047,6
88734.9,199.11719,10
91831.484,205.69531,10
63073.117,140.86328,6
5288.2227,11.866699,1
64347.727,144.39453,8
-5566.2256,-12.490723,-1
46930.734,97.734375,6
22213.717,49.847656,3
80620.195,183.86719,5
57090.484,128.10938,1
78100.36,174.125,7
28490.564,79.4668,3
14149.307,40.92871,1
127242.375,1067.8594,10
44082.742,105.71094,3
114716.52,254.36719,7
42182.305,94.65625,4
149946.72,330.01562,5
25013.215,56.128906,1
24210.678,54.328125,1
48623.957,109.11328,6
77728.84,185.35156,7
69749.805,154.72656,6
101862.05,226.98438,8
49469.223,96.734375,2
43901.87,94.91797,6
48192.008,108.14453,6
42978.367,95.31641,2
55385.855,124.28516,-1
52841.96,133.08984,5
22974.88,51.554688,1
142274.44,327.71875,10
39934.55,89.61328,2
32172.213,80.37305,1
67906.71,152.38281,10
31395.955,70.453125,6
26413.365,65.56641,3
46423.227,118.859375,4
102060.06,228.34375,8
20117.006,45.14258,3
-51191.42,-98.359375,6
48610.156,98.58594,2
49646.008,1007.46484,8
26767.723,72.822266,1
14176.171,31.811523,1
55346.184,117.421875,2
80783.375,181.28125,9
63701.098,130.66016,3
34065.598,76.44141,9
34375.992,91.82031,3
111090.97,248.61719,7
44382.82,114.27734,4
149640.08,329.46875,1
45542.605,94.39844,7
42090.734,107.55859,2
60570.504,134.79297,5
51044.18,123.17578,1
52063.125,127.03516,5
39182.73,94.71484,5
22438.098,59.492188,1
27761.393,67.71094,3
124483.0,279.33594,8
34767.016,77.69531,6
66428.81,148.38281,7
63857.324,139.875,4
45972.92,102.16016,6
48895.617,109.72266,9
16011.529,35.929688,3
15922.894,38.745117,1
68282.086,160.5625,9
71439.12,158.96094,9
87338.02,1209.4688,10
4135.6934,9.280273,5
24109.809,54.101562,1
68915.016,157.27344,10
7598.692,17.05127,2
-2839.396,-6.371582,-1
95757.92,227.26562,10
43247.47,82.28906,7
47416.836,113.74219,5
45704.668,117.23828,3
40349.367,88.140625,2
37204.27,90.828125,3
11007.175,21.81836,1
86716.984,201.9375,10
89239.26,205.75781,9
13757.735,38.213867,1
38207.64,85.73828,4
39230.32,88.03125,5
48464.43,116.09766,5
23136.17,59.257812,2
42628.297,87.55469,2
23057.914,51.742188,4
39162.26,87.87891,5
68388.86,152.33594,5
72360.05,903.0156,9
93713.89,210.29688,10
73169.1,164.1875,9
51065.652,111.671875,5
38016.05,71.609375,2
49542.047,100.07422,5
39706.906,103.78906,3
50558.594,113.453125,6
118420.89,265.73438,10
34072.08,60.554688,4
24611.328,55.228516,3
23903.523,53.63867,9
40234.01,80.03516,4
33352.67,90.40625,2
53731.03,120.57031,7
28325.861,58.671875,5
109643.484,260.17188,7
18869.494,49.591797,1
40463.727,90.80078,5
24186.98,61.615234,7
33301.57,89.23828,4
116765.05,262.02344,10
40261.21,84.25781,2
57773.86,131.95312,9
16444.79,36.902344,1
58087.816,130.34766,1
45357.336,106.78125,9
37855.293,99.62891,3
49832.78,123.55078,5
32492.04,79.8418,6
83733.35,173.60938,3
21588.191,40.86328,1
21332.793,55.21289,1
68159.99,167.63281,6
25845.371,65.3418,3
21306.574,40.009766,2
63642.992,142.8164,8
52115.367,116.94531,7
16628.488,37.314453,3
63037.805,157.98438,4
73476.64,158.19531,10
41853.324,109.69141,2
41342.586,92.77344,4
47490.754,106.57031,6
38065.89,85.09766,8
77888.54,187.03125,9
91584.055,210.39062,3
84372.21,169.8125,4
19237.697,41.373047,1
30371.486,75.49609,1
41884.78,86.78516,4
27624.377,69.33203,5
41229.492,85.078125,5
70111.41,156.32812,9
49005.46,95.48047,2
-1693.8018,-3.8009033,1
74311.4,176.71875,9
30963.68,76.822266,5
95256.164,213.75781,7
86440.0,203.49219,10
108053.6,236.42969,8
30823.238,64.27539,4
76757.414,174.86719,10
53831.207,120.796875,3
38185.65,92.61719,3
47445.1,120.98047,2
17324.389,38.875,2
30823.752,67.80664,1
75488.64,169.38281,8
130388.17,290.8047,10
49203.953,107.93359,4
10183.749,27.323242,1
16414.186,46.01172,1
44971.86,105.859375,8
68945.336,145.91406,6
58228.973,147.1836,7
37496.953,98.66016,5
45639.8,96.30078,1
66252.516,140.03125,4
80793.125,176.91406,6
64274.43,144.23047,5
35548.918,87.12109,3
29414.27,73.35156,2
50234.29,105.80078,3
17376.672,46.333984,2
39218.953,88.00781,1
23171.924,51.998047,1
43662.785,97.296875,6
31945.363,66.978516,1
22368.594,50.195312,1
34413.367,84.56641,7
102150.625,229.22656,10
70059.19,157.21094,10
63662.14,157.55078,6
90942.02,203.95312,7
44833.176,107.39844,2
128503.62,287.6797,10
42750.555,112.453125,2
-102.95508,1.4081345,1
61280.836,136.83984,4
16878.031,35.152344,1
56758.25,127.36719,8
39848.113,82.484375,3
77252.945,172.35156,6
48189.133,113.140625,9
31239.402,68.072266,1
39933.543,98.78906,6
36702.645,82.359375,2
23740.498,52.14453,1
53732.957,120.578125,6
112028.02,1806.4062,10
38349.832,77.21875,5
43855.11,112.41406,4
65392.637,155.95703,9
49323.344,108.88281,5
45596.934,97.66406,4
909.41846,2.0407104,-1
49964.297,108.28906,1
73085.2,165.11719,10
12211.535,27.402344,1
82034.945,184.08594,8
7676.4785,15.297852,1
20314.525,44.904297,1
126903.15,284.77344,10
57137.285,128.21484,10
19094.959,50.191406,8
73915.61,172.66406,1
68662.39,154.07812,5
129605.69,290.85156,10
6419.306,21.746582,3
21658.662,46.80664,3
51866.117,123.17969,6
19912.02,52.023438,1
6457.8496,23.669922,1
20862.984,46.816406,1
70418.96,148.49219,4
47066.008,112.96094,5
55849.203,139.84375,2
128748.83,285.96875,7
20114.02,45.13672,3
56508.84,132.22266,10
17326.348,41.621094,1
34553.215,74.77344,1
5238.076,11.754395,2
52855.203,105.75391,6
84538.9,187.9375,7
39267.453,82.87891,8
51622.504,123.18359,6
45735.35,90.95703,2
57051.438,135.36328,7
56378.145,114.88281,1
23134.438,51.914062,1
141068.28,316.5625,6
33227.22,91.08203,2
19570.049,51.257812,2
56628.516,111.875,4
57504.113,129.03906,8
34217.094,76.78125,4
36978.707,81.05078,6
63465.34,142.41406,6
-12134.582,-22.363281,1
30442.838,64.89844,5
19038.191,42.720703,3
83940.766,188.35938,10
46501.254,103.66797,4
57588.12,122.93359,2
89939.6,197.01562,6
15422.699,41.94922,1
48339.547,108.47266,9
25507.64,46.396484,4
38738.21,86.60547,4
18548.95,48.964844,5
60196.11,135.07812,6
-9607.297,-21.558594,-1
81457.56,189.52344,3
127302.12,285.66406,9
61267.027,128.64844,7
80377.445,1734.8438,10
52948.547,118.81641,7
55426.395,115.06641,5
6356.528,14.26416,1
33671.43,73.15625,3
30204.832,58.94336,1
72335.46,162.01562,6
120481.914,266.71094,1
17597.684,37.085938,3
19694.945,51.535156,3
55078.25,130.26953,1
39719.47,89.12891,8
24774.578,53.992188,3
63680.11,150.3164,1
76771.33,170.83594,7
105773.91,237.35938,9
42206.953,109.44141,3
67069.234,145.60938,1
36730.086,80.296875,5
20346.438,45.658203,1
144999.6,324.71875,4
56571.094,121.70703,5
42571.95,86.875,5
60042.684,134.73438,8
55735.03,102.26172,6
16949.924,35.57422,4
63510.605,142.51562,3
97067.8,217.82031,6
116958.31,269.10938,7
15696.508,35.222656,1
21255.664,47.697266,3
36400.33,89.02734,2
38103.023,100.19141,3
47758.156,106.49609,3
48645.348,115.94922,1
39021.355,104.08203,3
95474.555,279.64062,10
78341.97,173.32812,6
82985.03,190.32031,3
64384.6,141.55078,6
16793.422,45.03125,3
88394.36,188.74219,4
64348.145,158.36328,3
59287.203,133.03906,6
103192.28,232.17188,9
127695.19,300.6797,4
16220.472,36.398438,1
46762.54,105.5,4
99331.88,222.53906,9
22840.191,58.54297,3
84015.66,188.21094,10
32188.01,76.69141,5
68332.234,152.64844,8
12695.47,26.692383,1
42972.04,109.10156,4
58662.305,131.63672,10
43971.4,102.34375,4
20740.95,61.77539,1
50399.42,118.60156,10
42543.2,95.46484,8
54700.12,121.171875,3
34015.164,87.25,2
114185.79,256.23438,9
67336.91,140.17969,5
84970.76,206.64062,6
50306.68,107.3125,1
28309.455,68.17969,4
48908.812,126.27734,2
76251.734,186.64062,9
34636.055,77.72266,8
36028.992,80.84766,4
83355.76,187.04688,10
65373.785,144.89844,6
20640.469,44.95703,1
35580.805,94.52734,6
47225.61,117.59375,7
42446.2,95.25,6
-19392.23,-43.515625,1
65169.02,145.11328,5
69572.44,170.25781,4
62811.125,140.9336,8
43217.633,96.98047,2
31324.244,69.9707,4
46367.992,116.05078,6
35292.2,72.0,5
141815.88,315.96875,9
66967.11,164.41406,7
38336.477,83.55078,3
73032.09,160.3125,7
39129.59,81.69531,2
32629.209,79.703125,4
57740.754,143.90234,5
114417.47,256.7578,10
35329.31,77.48047,3
31593.527,63.632812,2
16229.564,36.418945,2
31389.17,72.12109,1
36640.21,82.11719,5
22902.875,51.39453,6
26426.164,75.7832,2
149835.7,332.85938,1
61019.62,143.89844,6
37587.484,84.02344,8
58673.887,125.62891,2
50529.688,113.38672,5
41791.51,102.95703,1
28430.26,60.13867,3
42985.73,103.25391,2
90851.59,203.86719,4
37685.035,80.8125,1
28311.176,70.87305,2
138256.17,310.25,9
54719.086,122.328125,1
27477.697,58.24414,4
35471.637,79.59766,4
32419.684,80.08984,1
36230.254,79.50391,3
12471.871,27.987305,1
37082.44,71.859375,1
18398.73,40.609375,2
29669.541,73.921875,5
36654.43,100.609375,1
13871.559,33.796875,1
29921.797,80.734375,1
69493.44,154.8125,8
19143.822,50.29883,1
35275.87,95.67578,3
36395.83,75.94141,4
69226.82,154.21875,9
49816.59,111.78906,5
60882.93,143.35938,3
23788.95,60.722656,2
29165.102,65.447266,2
39508.7,74.765625,2
44559.37,99.99219,9
67948.95,148.46094,7
60112.883,133.3125,4
19327.53,43.371094,2
29495.857,60.117188,2
26217.707,66.17383,7
13772.142,30.904297,1
20505.201,46.01367,2
122757.71,284.25,10
14365.926,31.107422,-1
16952.367,38.041016,1
21454.758,48.14453,1
88950.19,206.94531,9
51304.465,127.453125,6
119921.87,269.10156,10
30946.066,76.78516,1
141355.33,317.20312,1
30962.14,71.171875,2
42109.773,87.28906,2
60964.695,125.953125,2
48575.082,109.00391,3
68055.66,136.21094,6
45803.156,102.78125,7
68505.07,153.72656,8
-13090.217,-33.700195,1
39355.633,86.06641,8
48458.023,115.48047,4
34064.7,71.72656,2
97602.91,229.0,10
39090.633,75.359375,6
19841.578,44.52539,1
22109.973,56.95703,1
95307.28,212.13281,7
38097.727,85.49219,5
28862.586,64.03516,1
48532.78,107.109375,9
16271.411,35.381836,1
56242.184,131.2539,7
44811.81,106.10547,7
62468.086,138.00781,6
82713.96,190.46875,5
16665.271,46.57422,1
75217.72,182.92188,5
49107.6,122.078125,4
120377.41,269.0,6
108846.06,258.9297,9
54547.703,121.72656,4
103603.71,232.48438,10
37095.703,95.66406,4
58032.16,126.28516,10
14123.394,39.036133,2
68985.13,161.1875,5
26505.172,66.82031,3
33263.375,89.32422,3
7454.223,16.72705,1
16655.809,44.71875,2
26372.633,73.85547,3
51017.664,109.59375,9
23372.904,47.671875,1
7092.3154,25.091797,1
15988.59,35.87793,1
16964.121,40.808594,1
34587.586,68.28125,5
34343.316,81.52734,7
16687.174,44.78711,5
77089.23,171.85156,7
18485.68,34.353516,1
47302.055,117.1875,6
62669.79,140.6289,9
20903.895,46.908203,3
29549.197,53.45703,5
139248.62,719.0625,10
70038.08,156.03906,7
54856.04,122.72656,7
29768.754,74.14258,1
63178.094,155.58203,6
51233.87,121.76172,3
64889.14,131.16797,2
84596.375,188.70312,5
26177.588,58.0625,2
48643.41,123.83984,5
46884.16,102.60156,3
49877.45,110.79297,3
47075.96,105.63672,7
3753.0303,6.8969727,2
22008.305,64.74219,3
79609.02,188.0625,9
71305.11,172.86719,10
52435.445,113.578125,2
11783.58,26.442383,1
25706.604,54.447266,1
102866.29,230.82812,7
27491.682,57.521484,2
51892.66,110.42578,1
119161.305,265.60156,10
39997.13,101.015625,3
42091.887,94.453125,5
66116.195,136.39844,6
84262.74,176.85156,8
33318.453,82.10547,6
62556.27,150.95312,8
42366.027,95.07031,8
72862.71,161.35156,3
30860.492,65.609375,2
24473.629,54.91797,1
74155.1,181.08594,8
64140.37,142.34766,4
39800.26,96.10547,2
60103.207,145.7461,8
37584.105,84.33984,8
91792.47,318.64062,10
15516.11,29.027344,1
145572.75,326.67188,6
22776.58,58.45117,1
44420.613,107.01953,9
66519.25,156.0625,2
61465.71,152.60938,5
26796.678,52.689453,2
39885.523,88.0625,7
30340.47,75.42383,2
22337.637,57.466797,2
69363.2,152.34375,6
26991.516,60.56836,-1
47256.95,122.51172,3
52789.133,125.80078,7
109647.44,246.04688,9
14785.501,30.324219,1
46226.28,107.97266,1
68799.086,147.3125,6
39863.137,96.24609,3
16149.502,43.58008,1
72686.19,160.70312,8
39747.78,89.19531,4
35206.92,74.109375,5
10876.307,18.373047,1
42019.742,98.45703,1
63859.598,143.30078,6
31080.105,69.421875,3
19173.979,43.02539,1
90673.766,203.46875,6
46553.93,104.46875,8
38800.92,76.83594,3
109522.086,257.15625,10
52364.375,116.05859,4
74670.734,164.63281,5
75778.99,168.92188,8
2400.5686,5.386963,-1
28616.896,70.56641,2
55686.023,123.16406,4
109431.734,252.90625,10
75594.664,169.63281,9
97146.125,217.99219,10
78405.195,174.80469,7
92981.805,208.64844,4
58401.973,130.41016,10
59884.62,121.61719,2
92586.41,207.76562,10
49577.555,127.77344,6
64188.355,143.36328,3
52873.7,117.14844,3
75143.125,158.90625,2
50628.39,113.609375,6
8971.561,28.577148,1
18505.143,48.816406,2
16779.031,44.99414,2
132390.23,305.71875,10
62897.234,154.96484,8
27181.537,59.86328,1
53920.523,127.79297,3
84175.305,203.57031,8
16782.275,39.296875,1
42380.965,93.75391,4
43479.375,95.09375,1
134700.44,298.45312,5
41099.93,106.23828,3
59092.586,132.60156,4
31626.395,70.96875,3
12867.793,28.875,-1
76570.375,169.30469,8
48612.164,103.203125,7
40934.227,99.19531,8
141882.19,310.70312,9
97181.414,218.07812,10
68605.125,148.76562,6
32093.934,72.01953,8
81841.11,196.5,10
89140.18,197.07031,8
57878.5,118.87109,4
65011.34,152.67578,2
25093.295,51.83203,4
17083.424,41.07617,1
52066.31,116.83594,6
19791.549,44.41211,3
47653.29,87.59375,4
85347.64,185.73438,1
83396.125,182.86719,8
22428.08,50.009766,4
-1638.7784,-3.6773682,-1
26714.402,54.70703,5
54897.15,137.8711,5
35719.082,79.99609,2
142772.95,590.9375,9
64242.844,144.16016,8
13742.676,30.838867,2
76910.85,1417.6328,10
76234.195,167.6875,4
9285.941,35.125977,3
24249.848,54.416016,3
14561.924,20.777344,4
107870.12,256.7422,8
65155.18,140.64453,4
91232.0,204.72656,10
71287.03,159.96875,7
40896.723,106.453125,3
50867.816,113.828125,7
75395.14,183.875,9
80140.375,179.15625,9
75124.63,167.90625,7
19496.06,42.98633,2
79220.34,151.71094,6
23995.11,61.277344,1
60020.43,143.8711,8
28475.402,78.58008,4
50189.113,124.421875,5
39287.023,79.32031,4
48588.55,99.61719,1
37379.56,83.87891,7
-22149.36,-49.703125,-1
22352.201,50.71875,1
23410.611,59.875,2
89313.336,197.38281,7
49048.773,106.15625,4
93756.16,209.71875,2
6655.5537,14.935059,-1
91426.3,205.16406,6
111245.01,241.10156,7
9765.971,21.91504,1
34749.145,77.97656,7
75905.76,170.33594,9
144333.28,323.875,10
70640.086,158.51562,9
58933.35,124.0,6
61775.92,134.47656,6
29335.717,72.59375,1
90924.84,203.90625,9
51720.33,105.65234,4
42914.03,114.65234,4
84851.21,190.40625,10
12233.808,25.368164,1
50055.566,112.32422,9
56511.016,121.19531,1
-8756.012,-19.648438,-1
92068.8,211.92969,10
88688.85,204.53125,9
75384.71,167.14062,7
135044.25,303.03125,9
33575.2,75.34375,7
7085.2153,15.899414,-1
61610.195,145.22656,7
92346.92,225.03906,2
108427.055,243.32812,10
20671.635,46.38672,3
44193.883,96.32031,2
64595.98,153.57812,5
26404.09,66.5957,4
30388.098,67.51367,2
39658.41,88.99219,8
42360.35,109.640625,5
2938.666,13.935059,5
140629.17,313.78125,5
35117.145,78.80078,7
21203.127,47.58008,1
30259.414,58.69336,2
94121.51,211.21094,9
49796.906,111.74219,7
41055.715,85.78906,1
34581.336,77.60547,1
97000.02,228.67969,10
55746.695,124.828125,4
45352.75,116.453125,5
46943.164,91.12891,5
24988.031,56.072266,4
49697.934,111.52344,3
82619.125,194.03125,1
62844.695,141.02344,8
62262.074,154.90625,3
30011.508,80.322266,2
27553.803,61.83008,5
106087.94,549.8672,10
41017.51,92.04297,8
37571.61,71.375,2
142515.58,312.79688,10
17970.559,34.535156,1
64562.14,144.23438,9
60729.29,136.27734,6
118868.24,1671.9375,10
26169.262,51.283203,5
21257.277,47.70117,2
45615.773,117.04297,4
17699.936,39.71875,1
35400.16,85.84375,2
90276.7,802.5156,9
96829.35,216.60156,9
18412.973,48.66211,1
26401.79,59.246094,1
36392.016,96.17578,2
74871.12,166.16406,7
32480.674,80.22656,2
62828.027,148.32422,5
3573.1592,7.336914,5
52821.94,132.36328,7
78603.19,176.38281,5
23868.664,40.367188,4
83134.55,181.64844,1
76885.77,171.85938,6
29815.062,55.00586,5
28712.156,64.42969,5
-10787.314,-15.196289,1
41229.035,76.65234,3
109663.66,232.69531,7
19806.16,51.789062,2
62701.438,140.0586,8
32072.973,70.81836,6
73303.016,178.46875,8
22019.338,56.753906,1
10489.729,23.539062,-1
46511.54,111.71094,6
17666.762,39.64453,8
29991.79,55.876953,5
40169.367,66.390625,2
50416.996,103.98828,5
25664.83,51.80078,1
92028.586,206.51562,9
74331.41,179.65625,9
70469.73,157.75,8
63088.883,148.35938,2
3097.5334,6.9509277,1
56830.9,129.55469,7
43779.66,98.24219,5
39254.24,95.42969,3
15003.683,42.844727,1
86982.51,209.32031,2
43772.84,110.02734,5
74071.64,166.21875,10
29117.613,65.01953,5
16326.726,45.81543,1
68841.04,167.42188,8
106241.84,238.40625,10
45047.504,101.08594,2
48412.457,123.32422,4
42554.42,99.953125,8
53138.707,119.19141,2
19497.465,43.751953,2
91625.05,205.13281,9
1095.3508,2.4580078,-1
34263.84,76.20703,3
50009.977,111.08594,4
44614.41,100.67578,6
62938.04,152.10938,8
85522.92,204.21094,10
19862.3,43.28125,1
26502.52,59.470703,6
59537.945,148.1914,8
89551.24,210.20312,5
127244.32,285.53906,10
33707.535,69.44531,7
39569.33,87.21484,2
70433.555,156.91406,7
56857.117,129.26953,3
8160.3154,13.602051,1
72137.29,172.10938,9
34248.11,84.19141,7
113520.555,253.60938,5
101817.4,227.96875,9
11853.09,24.802734,2
41144.33,92.328125,1
138367.48,310.5,10
19862.285,51.91211,1
116556.29,260.03125,4
18233.07,48.257812,3
15222.2,32.36328,1
64064.36,143.76172,6
53067.574,119.08203,1
49751.38,111.640625,7
65361.734,153.46094,1
15057.514,33.789062,6
40619.938,91.15234,3
203.78125,7.749008,1
67120.75,143.41406,1
115141.93,258.375,1
49464.3,95.89844,3
-3507.9907,-7.871826,-1
23179.014,69.77539,1
118749.9,249.01562,7
29965.541,74.583984,5
74633.8,166.79688,7
52135.13,116.99219,8
45610.324,102.34766,6
29753.402,64.96875,4
17266.693,45.83008,1
63612.383,141.02344,6
86261.34,207.78906,7
42638.195,105.71484,4
33500.0,71.76172,6
41257.918,109.10156,6
22520.418,57.878906,2
34714.133,85.23828,6
28606.38,61.73047,5
50119.29,111.78516,4
37248.574,72.74219,6
42511.48,102.1875,5
40649.406,90.89453,6
25079.559,56.279297,1
26566.791,72.47656,1
55463.684,137.32812,6
28952.129,72.30859,2
-150831.5,-324.35938,1
5459.835,12.251953,1
18910.652,36.69922,1
40950.277,99.234375,4
40236.305,85.39844,2
64355.008,144.97656,2
28199.094,63.279297,6
71261.945,159.91406,5
39102.004,102.14844,2
42528.48,90.72266,3
16692.77,37.458984,2
28417.34,63.76758,6
59574.375,133.6836,10
34250.57,74.16406,1
54616.76,129.90234,7
38530.293,86.46094,10
89475.22,200.78125,5
18528.02,45.74414,1
24080.09,54.035156,2
48018.836,122.44141,6
45754.773,102.671875,9
18113.73,40.646484,1
50183.168,89.640625,8
45114.668,114.21484,5
42906.08,96.28125,1
23991.402,48.947266,1
16442.582,44.015625,1
46233.367,103.74609,10
38027.418,99.55078,6
85767.62,190.89844,8
31225.365,77.41016,6
24671.826,53.78125,1
43961.94,91.73047,2
24624.61,68.49414,1
83044.86,199.58594,9
76742.29,172.21094,8
29482.125,66.1582,4
56936.098,119.12109,3
83196.55,200.82812,8
71725.19,159.14844,5
56131.8,125.27734,4
67183.3,165.44531,9
71010.56,158.66406,8
104969.42,223.10938,2
61723.19,138.50781,10
35062.074,71.23828,8
29805.412,74.22461,6
36753.547,82.47656,8
846.9287,-5.539978,5
100229.12,223.33594,8
30689.357,83.38086,2
94930.74,211.95312,8
48806.656,122.21484,5
37735.867,91.609375,7
72928.68,160.125,5
28996.46,65.06836,5
105380.766,250.14844,7
34539.355,87.50781,6
53410.746,134.4336,6
85198.34,190.23438,7
29912.625,74.46484,6
19411.758,43.560547,-1
132653.97,299.20312,10
138113.52,1360.6562,10
67077.3,154.5,9
122941.266,259.71875,4
148633.83,332.70312,8
96501.49,228.03906,10
52849.434,111.359375,2
32862.242,73.74219,3
46573.637,111.30469,3
104764.91,235.09375,9
78060.875,175.17188,-1
37477.75,83.77734,2
4121.711,9.249023,2
61243.594,137.42188,9
115432.67,257.4453,4
69237.01,162.71094,9
137027.6,307.48438,5
109780.64,259.1875,10
45708.625,109.359375,2
30423.955,75.203125,5
22155.197,47.109375,1
52693.855,125.58984,7
43304.082,97.17578,4
31748.797,71.24414,3
14774.585,33.154297,-1
30366.146,75.484375,2
27649.473,61.36328,2
20197.996,38.902344,3
21288.459,55.11133,1
61614.117,137.58203,3
57460.363,127.8125,1
26657.098,64.28125,3
12082.596,27.113281,3
17937.201,44.160156,1
15953.384,31.629883,1
48936.79,116.60156,5
52223.63,117.18359,2
65029.47,136.89844,5
69025.375,154.89062,2
-3114.8333,-6.989746,1
46958.836,117.65234,5
52109.62,122.40234,6
11690.449,26.233398,1
23190.738,50.439453,2
77226.94,173.29688,7
57748.605,129.14453,9
75702.48,169.88281,10
103103.97,230.72656,8
61210.74,152.03906,6
3299.37,7.4038086,1
57687.24,128.3164,3
68424.88,150.84375,5
8344.519,18.72461,1
71032.03,158.34375,7
102287.016,220.875,8
43342.207,113.53125,3
72653.95,168.53906,10
22582.49,44.88867,4
48400.5,106.52344,1
73312.68,163.38281,7
18772.645,41.804688,6
62974.66,156.0039,7
1130.065,2.5358887,-1
27891.805,60.126953,4
70139.64,170.23438,9
42279.816,87.43359,5
128709.18,286.8047,8
52500.832,112.91797,5
31064.945,69.708984,2
55944.906,120.86328,6
65130.22,145.48047,5
111195.25,263.64844,8
64076.004,149.28906,10
31560.617,69.02539,2
112855.89,253.23438,8
29239.492,65.61328,5
39494.523,88.625,1
77321.69,173.35156,8
61492.68,137.3086,7
29667.023,66.572266,7
28958.414,72.32617,5
64482.254,152.03516,8
39700.992,80.44141,4
17004.436,38.158203,1
96544.19,216.64844,10
72130.96,159.17188,10
12081.62,27.111328,1
27882.86,55.271484,6
21474.691,57.365234,2
61997.812,133.42969,7
103027.92,226.96094,4
33137.633,81.70703,7
21460.168,48.15625,1
47198.37,98.71094,2
130010.66,3440.0781,10
33757.785,82.828125,4
35292.91,68.32422,2
65662.52,147.34375,9
118396.5,273.01562,10
58162.938,129.39062,4
40140.74,82.22656,8
64707.848,145.20312,9
96540.36,197.6875,8
100901.625,218.98438,7
16352.34,33.121094,6
54236.547,128.67969,6
65017.56,145.89844,8
51009.523,114.46484,4
97933.85,218.17969,5
82617.23,185.39062,6
79440.22,181.16406,5
34549.496,75.734375,4
65070.617,136.96875,7
147046.11,329.96875,6
35037.36,85.96484,6
84176.555,184.57031,9
76985.67,169.03125,4
77833.31,174.65625,10
26899.98,58.839844,3
60466.188,135.6875,9
48285.58,103.46094,8
32689.445,86.22656,2
17737.594,39.802734,1
25430.6,57.066406,3
46384.246,97.30859,3
-144300.64,-329.5625,10
15312.998,41.70508,1
45806.402,101.33984,2
59898.53,127.671875,7
47330.734,113.00391,1
36408.45,87.11328,7
52556.12,114.19922,1
35765.55,74.46875,3
121565.5,273.85938,6
20502.957,46.007812,3
93275.586,208.64062,10
81790.695,176.39844,8
60139.402,134.95312,8
78274.805,175.64844,7
63562.99,132.4336,3
27277.264,61.210938,5
61701.363,136.89062,5
29260.545,65.66016,4
13090.949,29.375977,1
29381.154,73.271484,6
78379.69,167.96094,7
42933.906,89.03516,3
57394.08,128.79297,1
26036.734,65.76758,1
35730.77,75.17578,2
26468.273,74.07617,2
-22918.127,-51.427734,-1
5555.9297,12.467285,1
43263.54,111.30078,5
8154.615,17.978027,4
55417.21,131.14844,2
22501.855,57.779297,2
30267.41,66.78906,2
13480.393,37.59375,4
35735.844,87.53125,8
121782.7,272.96875,9
137010.22,307.45312,10
38690.06,103.33594,4
19404.992,43.54492,4
-5976.248,-13.410645,1
66007.07,144.8125,6
90003.37,200.82031,9
62849.34,134.11328,1
15131.442,43.13379,1
98970.086,222.08594,10
142073.69,318.8125,10
104655.04,229.36719,9
21061.656,40.61133,2
54305.54,121.86328,10
47683.992,107.00391,6
61210.13,137.35547,10
80622.97,180.91406,10
64907.414,144.19531,3
53847.547,135.51953,2
61512.28,138.03516,8
35930.367,73.42969,1
15148.135,41.335938,1
32376.11,68.177734,6
32407.426,72.72266,2
12261.039,24.824219,1
24441.914,54.847656,3
29048.742,60.29297,5
66472.34,155.96094,6
45509.664,116.80469,5
24258.055,54.435547,3
68304.516,152.40625,6
18506.43,37.884766,1
49674.375,118.81641,6
81407.22,182.05469,9
54902.36,137.88281,8
48677.125,109.23047,4
9104.137,20.429688,1
26014.982,58.376953,1
30078.568,74.83594,3
32629.75,80.56641,7
28066.895,62.660156,7
81090.18,179.50781,6
-10564.972,-23.708008,1
33372.605,74.88672,5
4929.8677,10.383301,1
69178.32,155.23438,9
17469.852,33.91797,1
46711.297,104.82031,9
14442.822,26.621094,1
12206.6,26.886719,1
36651.0,89.58594,6
12728.076,37.739258,1
3702.1733,8.307617,1
7907.131,17.743652,-1
108203.6,241.24219,9
31492.494,70.34961,7
117201.0,262.32812,9
28046.027,62.935547,2
120113.41,266.79688,10
7552.13,11.158691,1
91303.35,191.10156,2
80741.78,194.02344,9
63651.16,150.17188,8
83620.14,196.26562,1
50099.516,98.23047,3
75632.336,167.82031,8
76826.664,171.03125,9
7669.252,24.553223,8
42038.547,93.96484,6
-16879.703,-37.878906,1
29263.742,62.78711,6
85450.375,192.83594,1
56440.727,121.94922,7
37489.926,84.12891,4
26364.637,72.04883,1
62310.64,142.28125,7
44231.195,99.24609,1
19023.715,49.98047,2
63286.22,141.33203,6
51558.008,115.69531,7
47804.746,121.953125,5
22241.98,49.910156,2
53807.062,119.61719,2
18646.393,51.021484,1
72159.086,162.48438,6
73522.56,164.98438,1
48613.324,115.88281,2
19073.988,42.48047,8
24765.682,55.523438,4
24544.393,48.01172,1
28032.316,60.183594,1
27117.664,68.19336,2
38440.03,93.0,2
70124.73,157.35938,10
28926.543,77.77539,1
37364.16,83.84375,7
54892.52,121.11328,8
9077.415,20.370117,1
108465.96,237.65625,2
49432.01,122.55859,6
27462.188,68.96875,1
35177.215,78.9375,7
74808.914,180.72656,9
66114.586,159.84375,8
68417.31,167.95312,7
129231.05,304.66406,8
33779.164,75.80078,6
43855.78,94.46875,9
39119.87,87.78516,2
33141.63,73.5625,3
48999.33,109.953125,9
8620.318,19.34375,1
63510.31,142.51562,8
37342.266,77.5,2
43613.055,87.97656,5
18456.598,48.759766,1
44730.867,99.69531,4
72711.22,163.16406,9
51438.082,115.42578,5
56444.926,111.625,3
56145.98,125.99219,8
28200.273,57.492188,1
20022.332,44.929688,1
54189.65,121.60156,6
27997.846,61.246094,1
21691.46,48.67578,3
83634.914,186.10156,7
21326.0,52.316406,2
383.18945,-1.224884,1
102073.54,229.05469,10
22523.436,57.882812,3
28585.64,64.146484,2
7649.6807,17.166016,1
10305.517,32.30664,1
49897.48,111.96875,7
48768.723,109.4375,6
28929.787,61.470703,5
10079.656,16.830078,1
124302.805,291.3203,10
29833.818,66.947266,5
86293.45,195.32031,5
38280.977,85.90234,1
100989.984,226.61719,10
49171.777,126.94922,2
55982.664,125.58594,7
60054.164,142.10547,8
12079.743,27.106445,1
44916.65,100.79297,5
23065.14,51.07617,1
-174.60938,-0.3918152,1
10618.452,23.828125,1
74360.96,166.86719,8
25611.863,64.81445,2
26741.39,67.35156,4
75139.82,182.61719,6
27494.283,61.697266,6
24542.111,64.25,2
65271.523,1060.3672,10
-7820.168,-10.20459,1
31484.504,65.43555,6
15025.359,36.45703,1
26331.75,71.97266,2
25846.79,53.916016,2
68241.26,162.14844,9
80509.32,187.45312,4
90982.555,209.67188,10
88841.63,198.91406,9
59301.87,132.5664,9
107802.7,253.14844,9
74163.445,181.10156,9
50891.902,128.88672,7
46397.637,110.90625,1
82583.164,198.17188,9
132736.97,297.85938,9
65937.68,147.96094,9
107565.125,241.375,10
35596.95,73.80859,3
25673.963,57.61133,4
9887.0,16.396484,1
25503.709,57.23047,4
142513.28,324.46875,8
78020.77,175.07812,2
15891.302,38.40039,1
83479.7,187.32812,10
62806.785,140.9375,7
20223.59,54.558594,4
24403.84,45.92383,1
87196.59,209.63281,6
23167.166,46.8125,3
100679.72,219.80469,7
93778.91,217.23438,9
58005.957,130.16406,8
42840.18,96.13281,5
35284.938,73.39453,1
28788.549,64.60156,3
54770.652,109.65625,5
26059.25,54.0,4
81737.586,167.05469,6
30499.848,68.44141,1
66304.01,148.78906,9
28906.121,74.04297,3
82644.65,185.45312,8
71117.93,164.32031,10
26542.824,66.9043,1
87265.0,194.03125,9
18605.172,49.089844,2
34164.86,75.08984,1
35731.285,80.17969,4
96181.32,222.61719,3
61484.3,133.64844,7
69246.93,169.52344,5
59064.98,131.85938,5
44951.434,91.578125,3
19157.363,50.333984,1
88466.61,198.51562,9
-191042.4,-428.70312,3
121343.77,275.96094,9
95705.62,220.26562,10
50638.656,100.67969,8
71288.81,155.60938,4
-555.3806,-1.2462769,-1
98335.86,220.66406,7
6572.1104,23.926758,1
93817.87,210.52344,9
34582.453,84.94531,4
54049.516,105.91797,6
67639.67,390.0625,6
56053.984,140.29688,7
55240.727,123.28516,6
23065.059,49.960938,4
125832.5,268.96094,7
52696.395,118.24609,5
102851.81,228.98438,9
64669.234,148.78516,10
49470.535,112.09766,1
49676.137,111.47266,2
56766.363,126.703125,7
61891.58,138.24219,8
48246.54,107.13672,3
43614.066,105.21094,2
48954.766,107.69922,4
68817.086,168.71875,8
28566.17,64.10156,6
46010.375,102.515625,4
54549.42,127.125,2
73614.6,165.1875,10
102638.805,241.96094,9
51128.63,114.73047,7
79219.05,185.65625,7
49298.438,110.625,9
31884.254,66.38086,2
36852.418,97.37891,2
42274.254,102.203125,9
44964.19,100.34766,1
117164.38,262.91406,10
112115.29,258.32812,2
97098.66,217.89062,10
93071.72,202.82031,6
60400.805,135.53906,9
49926.0,97.13281,6
24727.885,48.04883,4
43308.406,89.03906,4
